Month,crypto,bitcoin,ethereum,bitcoin_mean,ethereum_mean,solana_mean,bitcoin_zscore,bitcoin_relative,ethereum_zscore,ethereum_relative,crypto_zscore,crypto_relative,bitcoin_normalized,ethereum_normalized,crypto_normalized,pct_change,positive_trend,negative_trend,bitcoin_mean_bull_1m,bitcoin_mean_bear_1m,bitcoin_mean_bull_3m,bitcoin_mean_bear_3m,bitcoin_mean_bull_6m,bitcoin_mean_bear_6m,trend_peak,trend_trough,ethereum_mean_bull_1m,ethereum_mean_bear_1m,ethereum_mean_bull_3m,ethereum_mean_bear_3m,ethereum_mean_bull_6m,ethereum_mean_bear_6m,bitcoin_mean_pct_change,bitcoin_mean_positive_trend,bitcoin_mean_negative_trend,bitcoin_zscore_peak,bitcoin_zscore_trough,bitcoin_norm_peak,bitcoin_norm_trough,ethereum_mean_pct_change,ethereum_mean_positive_trend,ethereum_mean_negative_trend,ethereum_zscore_peak,ethereum_zscore_trough,ethereum_norm_peak,ethereum_norm_trough
2014-09,0.1,3.0,0.1,423.3055038452149,,,,100.0,,100.0,,100.0,,,,,False,False,False,False,False,False,False,False,False,False,False,False,False,False,False,False,,False,False,False,False,False,False,,False,False,False,False,False,False
2014-10,0.1,3.0,0.1,356.6855010986328,,,,100.0,,100.0,,100.0,,,,,False,False,False,True,False,False,False,False,False,False,False,False,False,False,False,False,,False,False,False,False,False,False,,False,False,False,False,False,False
2014-11,0.1,3.0,0.1,373.6039962768554,,,,100.0,,100.0,,100.0,,,,,False,False,True,False,False,False,False,False,False,False,False,False,False,False,False,False,,False,False,False,False,False,False,,False,False,False,False,False,False
2014-12,0.1,3.0,0.1,346.67799377441406,,,,100.0,,100.0,,100.0,,,,,False,False,False,True,False,False,False,False,False,False,False,False,False,False,False,False,-18.102176648952884,False,True,False,False,False,False,,False,False,False,False,False,False
2015-01,0.1,3.0,0.1,257.46099853515625,,,,100.0,,100.0,,100.0,,,,,False,False,False,True,False,False,False,False,False,False,False,False,False,False,False,False,-27.818484984069592,False,True,False,False,False,False,,False,False,False,False,False,False
2015-02,0.1,3.0,0.1,237.1889991760254,,,,100.0,,100.0,,100.0,,,,,False,False,False,True,False,True,False,False,False,False,False,False,False,False,False,False,-36.51325961720738,False,True,False,False,False,False,,False,False,False,False,False,False
2015-03,0.1,3.0,0.1,258.7665023803711,,,,100.0,,100.0,,100.0,,,,,False,False,True,False,False,False,False,False,False,False,False,False,False,False,False,False,-25.358255491477088,False,True,False,False,False,False,,False,False,False,False,False,False
2015-04,0.1,2.0,0.1,239.26000213623047,,,-2.4748737341529163,66.66666666666666,,100.0,,100.0,-2.4748737341529163,,,,False,False,False,True,False,False,False,False,False,False,False,False,False,False,False,False,-7.069418864403431,False,False,False,True,False,True,,False,False,False,False,False,False
2015-05,0.1,2.0,0.1,235.6264991760254,,,-1.7638342073763937,66.66666666666666,,100.0,,100.0,-1.7638342073763937,,,,False,False,False,True,False,False,False,False,False,False,False,False,False,False,False,False,-0.658757364560747,False,False,False,True,False,True,,False,False,False,False,False,False
2015-06,0.1,2.0,0.1,245.617000579834,,,-1.4491376746189444,66.66666666666666,,100.0,,100.0,-1.4491376746189444,,,,False,False,True,False,False,False,False,False,False,False,False,False,False,False,False,False,-5.081608971631157,False,False,False,False,False,False,,False,False,False,False,False,False
2015-07,0.1,3.0,0.1,278.97350311279297,,,0.5838742081211427,100.0,,100.0,,100.0,0.5838742081211427,,,,False,False,True,False,False,False,False,False,False,False,False,False,False,False,False,False,16.59847054333399,True,False,True,False,True,False,,False,False,False,False,False,False
2015-08,0.1,3.0,0.1,250.00600051879883,,,0.5527707983925666,100.0,,100.0,,100.0,0.5527707983925666,,,,False,False,False,True,False,False,False,False,False,False,False,False,False,False,False,False,6.102667311638488,False,False,False,False,False,False,,False,False,False,False,False,False
2015-09,0.1,2.0,0.1,237.65375137329104,,,-1.3540064007726598,66.66666666666666,,100.0,,100.0,-1.3540064007726598,,,,False,False,False,True,False,False,False,False,False,False,False,False,False,False,False,False,-3.242140889166434,False,False,False,True,False,True,,False,False,False,False,False,False
2015-10,0.1,3.0,0.1,279.9887466430664,,,0.6770032003863303,100.0,,100.0,,100.0,0.6770032003863303,,,,False,False,True,False,False,False,False,False,False,False,False,False,False,False,False,False,0.3639211319158786,False,False,False,False,False,False,,False,False,False,False,False,False
2015-11,0.1,4.0,0.1,372.2212600708008,,,2.0109991663496096,100.0,,100.0,,100.0,2.0109991663496096,,,,False,False,True,False,False,False,False,False,False,False,False,False,False,False,False,False,48.884930481023446,True,False,True,False,True,False,,False,False,False,False,False,False
2015-12,0.1,4.0,0.1,406.63724517822266,,,1.6254712740448838,100.0,,100.0,,100.0,1.6254712740448838,,,,False,False,True,False,True,False,False,False,False,False,False,False,False,False,False,False,71.10491327338795,True,False,True,False,True,False,,False,False,False,False,False,False
2016-01,0.1,3.0,0.1,404.33399963378906,,,0.23221018200641177,75.0,,100.0,,100.0,0.23221018200641177,,,,False,False,False,True,False,False,False,False,False,False,False,False,False,False,False,False,44.41080382035487,True,False,False,False,False,False,,False,False,False,False,False,False
2016-02,1.0,3.0,1.0,405.7624969482422,,,0.23221018200641177,75.0,3.1754264805429417,100.0,3.1754264805429417,100.0,0.23221018200641177,3.1754264805429417,3.1754264805429417,,False,False,True,False,False,False,False,False,False,False,False,False,False,False,False,False,9.011101856745496,False,False,False,False,False,False,,False,False,True,False,True,False
2016-03,1.0,3.0,2.0,422.0835037231446,,,0.23221018200641177,75.0,2.848173870268498,100.0,2.140872096444188,100.0,0.23221018200641177,2.848173870268498,2.140872096444188,,False,False,True,False,False,False,False,False,False,False,False,False,False,False,False,False,3.7985351140553014,False,False,False,False,False,False,,False,False,True,False,True,False
2016-04,1.0,3.0,1.0,437.21849822998047,,,0.12464639250231777,75.0,0.9704117340059144,50.0,1.6583123951777,100.0,0.12464639250231777,0.9704117340059144,1.6583123951777,,False,False,True,False,True,False,False,False,False,False,False,False,False,False,False,False,8.133003562889929,False,False,False,True,False,True,,False,False,False,True,False,True
2016-05,1.0,4.0,2.0,492.8047561645508,,,1.3711103175254928,100.0,1.9050910417170486,100.0,1.3540064007726602,100.0,1.3711103175254928,1.9050910417170486,1.3540064007726602,,False,False,True,False,True,False,False,False,False,False,False,False,False,False,False,False,21.451528879814497,True,False,False,False,False,False,,False,False,True,False,True,False
2016-06,1.0,5.0,3.0,627.0174865722656,,,2.140872096444188,100.0,2.169187439955308,100.0,1.1328430311977622,100.0,2.140872096444188,2.169187439955308,1.1328430311977622,,False,False,True,False,True,False,False,False,False,False,False,False,False,False,False,False,48.552947708551656,True,False,True,False,True,False,,False,False,True,False,True,False
2016-07,1.0,3.0,2.0,653.49951171875,,,-0.4281744192888378,60.0,0.995723363160911,66.66666666666666,0.9574271077563381,100.0,-0.4281744192888378,0.995723363160911,0.9574271077563381,,False,False,True,False,True,False,True,False,False,False,False,False,False,False,False,False,49.4674892220603,True,False,False,False,False,False,,False,False,False,False,False,False
2016-08,1.0,3.0,1.0,589.3817443847656,,,-0.4281744192888378,60.0,-0.04161153637758182,33.33333333333333,0.8091735937126869,100.0,-0.4281744192888378,-0.04161153637758182,0.8091735937126869,,False,False,False,True,False,False,False,False,False,False,False,False,False,False,False,False,19.597413988424893,True,False,False,False,False,False,,False,False,False,False,False,False
2016-09,1.0,3.0,1.0,596.2274932861328,,,-0.6232319625115875,60.0,-0.12189466158754322,33.33333333333333,0.6770032003863298,100.0,-0.6232319625115875,-0.12189466158754322,0.6770032003863298,,False,False,True,False,False,False,False,False,False,False,False,False,False,False,False,False,-4.910547783037655,False,False,False,True,False,True,,False,False,False,False,False,False
2016-10,1.0,3.0,1.0,660.1954956054688,,,-0.6232319625115875,60.0,-0.21202311764637594,33.33333333333333,0.5527707983925665,100.0,-0.6232319625115875,-0.21202311764637594,0.5527707983925665,,False,False,True,False,False,False,False,False,False,False,False,False,False,False,False,False,1.0246348721987264,False,False,False,False,False,False,,False,False,False,False,False,False
2016-11,1.0,4.0,1.0,720.3552398681641,,,0.8725247475162231,80.0,-0.3173567512788413,33.33333333333333,0.4281744192888373,100.0,0.8725247475162231,-0.3173567512788413,0.4281744192888373,,False,False,True,False,True,False,False,False,False,False,False,False,False,False,False,False,22.222183963318543,True,False,False,False,False,False,,False,False,False,False,False,False
2016-12,1.0,5.0,1.0,858.8079986572266,,,1.8803495115840256,100.0,-0.44760834075697065,33.33333333333333,0.28867513459481225,100.0,1.8803495115840256,-0.44760834075697065,0.28867513459481225,,False,False,True,False,True,False,False,False,False,False,False,False,False,False,False,False,44.04032157656306,True,False,True,False,True,False,,False,False,False,False,False,False
2017-01,1.0,6.0,1.0,970.229248046875,,,2.1321159366570424,100.0,-0.6232319625115879,33.33333333333333,,100.0,2.1321159366570424,-0.6232319625115879,,,False,False,True,False,True,False,False,False,False,False,False,False,False,False,False,False,46.9609009005844,True,False,True,False,True,False,,False,False,False,True,False,True
2017-02,1.0,6.0,1.0,1074.4979858398438,,,1.6583123951776997,100.0,-0.6232319625115879,33.33333333333333,,100.0,1.6583123951776997,-0.6232319625115879,,,False,False,True,False,True,False,True,False,False,False,False,False,False,False,False,False,49.16223640387389,True,False,True,False,True,False,,False,False,False,False,False,False
2017-03,2.0,7.0,5.0,1108.9632873535156,,,1.8576814560512958,100.0,2.70801280154532,100.0,3.1754264805429435,100.0,1.8576814560512958,2.70801280154532,3.1754264805429435,,False,False,True,False,True,False,True,False,False,False,False,False,False,False,False,False,29.12819734881542,True,False,True,False,True,False,,False,False,True,False,True,False
2017-04,3.0,6.0,4.0,1207.1499938964844,,,0.9814954576223638,85.71428571428571,1.5108065794747947,80.0,2.8153988328894535,100.0,0.9814954576223638,1.5108065794747947,2.8153988328894535,,False,False,True,False,True,False,True,False,False,False,False,False,False,False,False,False,24.419048006081432,True,False,False,True,False,True,,False,False,True,True,True,True
2017-05,8.0,15.0,13.0,1936.6799926757812,,,2.864357773488754,100.0,2.9165093176889134,100.0,3.026545170503781,100.0,2.864357773488754,2.9165093176889134,3.026545170503781,,False,False,True,False,True,False,True,False,False,False,False,False,False,False,False,False,80.24044886059447,True,False,True,False,True,False,,False,False,True,False,True,False
2017-06,15.0,15.0,29.0,2495.510009765625,,,2.019097418641535,100.0,2.883567344440088,100.0,2.8002828711428145,100.0,2.019097418641535,2.883567344440088,2.8002828711428145,,False,False,True,False,True,False,True,False,True,False,False,False,False,False,False,False,125.03089491096074,True,False,True,False,True,False,,False,False,True,False,True,False
2017-07,12.0,13.0,17.0,2531.7775268554688,,,1.2822225549146562,86.66666666666667,1.203083380903504,58.620689655172406,1.6348502239111868,80.0,1.2822225549146562,1.203083380903504,1.6348502239111868,,False,False,True,False,True,False,True,False,False,False,False,False,False,False,False,False,109.73180960580562,True,False,False,True,False,True,,False,False,False,False,False,False
2017-08,18.0,21.0,15.0,3744.83251953125,,,2.113266573557014,100.0,0.8333302838964728,51.724137931034484,2.0150253592359597,100.0,2.113266573557014,0.8333302838964728,2.0150253592359597,,False,False,True,False,True,False,True,False,False,False,False,False,False,False,False,False,93.36351558820337,True,False,True,False,True,False,,False,False,False,False,False,False
2017-09,20.0,21.0,13.0,4240.532470703125,,,1.6614613415601016,100.0,0.5098556795550712,44.827586206896555,1.770140033441671,100.0,1.6614613415601016,0.5098556795550712,1.770140033441671,,False,False,True,False,True,False,True,False,False,False,False,False,False,False,False,False,69.92648613344532,True,False,True,False,True,False,,False,False,False,False,False,False
2017-10,19.0,22.0,12.0,5360.982421875,,,1.4819179329824614,100.0,0.30576575328694694,41.37931034482759,1.3412197818796698,95.0,1.4819179329824614,0.30576575328694694,1.3412197818796698,,False,False,True,False,True,False,True,False,False,True,False,False,False,False,False,False,111.74776871226419,True,False,False,True,False,True,,False,False,False,True,False,True
2017-11,31.0,46.0,21.0,8427.744995117188,393.1520004272461,,2.6401017738801213,100.0,1.1244411127720093,72.41379310344827,2.0411472070528727,100.0,2.6401017738801213,1.1244411127720093,2.0411472070528727,,False,False,True,False,True,False,True,False,False,False,False,False,False,False,False,False,125.04998424260934,True,False,True,False,True,False,,False,False,False,False,False,False
2017-12,92.0,100.0,38.0,13534.66259765625,624.5742416381836,,2.882089366999833,100.0,2.1314991921145823,100.0,2.945145111125682,100.0,2.882089366999833,2.1314991921145823,2.945145111125682,,False,False,True,False,True,False,True,False,True,False,True,False,False,False,False,False,219.17365781689347,True,False,True,False,True,False,,False,False,True,False,True,False
2018-01,100.0,57.0,38.0,12861.99755859375,1012.2377777099608,,1.0673123629104848,56.99999999999999,1.6899749369357286,100.0,2.184312309713258,100.0,1.0673123629104848,1.6899749369357286,2.184312309713258,,False,False,False,True,False,False,False,False,False,False,True,False,False,False,False,False,139.9186668867173,True,False,False,False,False,False,,False,False,True,False,True,False
2018-02,51.0,41.0,17.0,9660.489990234377,927.5844879150392,,0.3936975975628101,41.0,-0.13348623342516966,44.73684210526316,0.6058629221418524,51.0,0.3936975975628101,-0.13348623342516966,0.6058629221418524,135.93533465606552,True,False,False,True,False,False,False,False,False,False,False,True,False,False,False,False,14.627222297677612,True,False,False,False,False,False,135.93533465606552,True,False,False,False,False,False
2018-03,29.0,25.0,11.0,8936.639892578125,625.3510055541992,,-0.26114601524351994,25.0,-0.7474825474418508,28.947368421052634,-0.13061676275032416,28.999999999999996,-0.26114601524351994,-0.7474825474418508,-0.13061676275032416,0.12436694699067274,False,False,False,True,False,True,False,False,False,False,False,True,False,False,False,False,-33.972200429099345,False,True,False,False,False,False,0.12436694699067274,False,False,False,False,False,False
2018-04,23.0,18.0,9.0,8128.9500732421875,534.9645004272461,,-0.5861863499990534,18.0,-1.0264224126688208,23.684210526315788,-0.3857059615591762,23.0,-0.5861863499990534,-1.0264224126688208,-0.3857059615591762,-47.150312682705376,False,True,False,True,False,True,False,False,False,False,False,True,False,True,False,False,-36.79869681042798,False,True,False,False,False,False,-47.150312682705376,False,True,False,False,False,False
2018-05,19.0,14.0,9.0,8450.204956054688,648.9292602539062,,-0.7390491439886281,14.000000000000002,-0.9658417356560394,23.684210526315788,-0.559060868205385,19.0,-0.7390491439886281,-0.9658417356560394,-0.559060868205385,-30.04095382054901,False,True,True,False,False,False,False,False,False,False,True,False,False,False,False,False,-12.528195106077911,False,True,False,False,False,False,-30.04095382054901,False,True,False,False,False,False
2018-06,16.0,13.0,7.0,6871.5001220703125,516.577995300293,,-0.7678575676888633,13.0,-0.9788170930027755,18.421052631578945,-0.6633371372419712,16.0,-0.7678575676888633,-0.9788170930027755,-0.6633371372419712,-17.393913064473175,False,True,False,True,False,False,False,False,False,False,False,True,False,False,False,False,-23.108682853193063,False,True,False,False,False,False,-17.393913064473175,False,True,False,False,False,False
2018-07,14.0,13.0,5.0,7188.202392578125,456.33799743652344,,-0.7678575676888633,13.0,-1.0176743827667967,13.157894736842104,-0.7392561748507884,14.000000000000002,-0.7678575676888633,-1.0176743827667967,-0.7392561748507884,-14.697517859208986,False,True,True,False,False,False,False,False,False,False,False,True,False,False,False,False,-11.572806723966632,False,True,False,False,False,False,-14.697517859208986,False,True,False,False,False,False
2018-08,14.0,13.0,6.0,7136.677490234375,351.7449951171875,,-0.7293850975333623,13.0,-0.8300188538279861,15.789473684210526,-0.7221979062037575,14.000000000000002,-0.7293850975333623,-0.8300188538279861,-0.7221979062037575,-45.79609571318137,False,True,False,True,False,False,False,False,False,False,False,True,False,True,False,False,-15.544326707474143,False,True,False,False,False,False,-45.79609571318137,False,True,False,False,False,False
2018-09,13.0,12.0,6.0,6814.080078125,246.9362564086914,,-0.7258630476944579,12.0,-0.7583089201077475,15.789473684210526,-0.7264555719512777,13.0,-0.7258630476944579,-0.7583089201077475,-0.7264555719512777,-52.19768192697709,False,True,False,True,False,False,False,False,False,False,False,True,False,True,False,False,-0.8356260339847377,False,False,False,False,False,False,-52.19768192697709,False,True,False,False,False,False
2018-10,11.0,10.0,4.0,6534.74755859375,213.36325073242188,,-0.7467894205685017,10.0,-0.8429980173089257,10.526315789473683,-0.7586156231869762,11.0,-0.7467894205685017,-0.8429980173089257,-0.7586156231869762,-53.2444696845345,False,True,False,True,False,True,False,False,False,False,False,True,False,True,False,False,-9.090657139246272,False,False,False,False,False,False,-53.2444696845345,False,True,False,False,False,False
2018-11,13.0,14.0,5.0,5118.1572265625,158.53260231018066,,-0.5022598985211882,14.000000000000002,-0.6473911397599141,13.157894736842104,-0.6326761856845492,13.0,-0.5022598985211882,-0.6473911397599141,-0.6326761856845492,-54.929677888561315,False,True,False,True,False,True,False,False,False,False,False,True,False,True,False,True,-28.28375341934619,False,True,False,False,False,False,-54.929677888561315,False,True,False,False,False,False
2018-12,10.0,13.0,5.0,3816.96142578125,121.8161506652832,,-0.504658400614147,22.807017543859647,-0.5452574242312219,13.157894736842104,-0.6211462203037774,10.0,-0.504658400614147,-0.5452574242312219,-0.6211462203037774,-50.66898946436136,False,True,False,True,False,True,False,False,False,False,False,True,False,True,False,True,-43.984200625485656,False,True,False,False,False,False,-50.66898946436136,False,True,False,False,False,False
2019-01,9.0,10.0,4.0,3678.5867309570312,126.16012954711914,,-0.7244639426703384,24.390243902439025,-0.888948752773452,23.52941176470588,-0.8100288441495566,17.647058823529413,-0.7244639426703384,-0.888948752773452,-0.8100288441495566,-40.870731433813724,False,True,False,True,False,True,False,True,False,False,True,False,False,False,False,False,-43.70728634927333,False,True,False,False,False,False,-40.870731433813724,False,True,False,False,False,False
2019-02,9.0,10.0,4.0,3729.2494506835938,128.0945281982422,,-0.8970041164428978,40.0,-0.9777569144173839,36.36363636363637,-0.994987437106633,31.03448275862069,-0.8970041164428978,-0.9777569144173839,-0.994987437106633,-19.1998829694249,False,True,True,False,False,False,False,False,False,False,True,False,False,False,False,False,-27.13687201070484,False,True,False,False,False,False,-19.1998829694249,False,True,False,False,False,False
2019-03,8.0,9.0,3.0,3997.429443359375,138.3415699005127,,-1.3852616257190227,50.0,-1.339450495795093,33.33333333333333,-1.1840705728069405,34.78260869565217,-1.3852616257190227,-1.339450495795093,-1.1840705728069405,13.565868848242246,True,False,True,False,False,False,False,False,False,True,True,False,True,False,False,False,4.728054529426817,False,False,False,True,False,True,13.565868848242246,True,False,False,True,False,True
2019-04,9.0,12.0,4.0,4798.7586669921875,157.1867332458496,,0.048173385862795626,85.71428571428571,-0.7104094931376502,44.44444444444444,-0.9223833045171945,47.368421052631575,0.048173385862795626,-0.7104094931376502,-0.9223833045171945,24.59303411474576,True,False,True,False,True,False,False,False,False,False,True,False,True,False,False,False,30.45114925817527,True,False,False,False,False,False,24.59303411474576,True,False,False,False,False,False
2019-05,10.0,17.0,5.0,7070.34423828125,219.29048919677737,,2.1882189738308595,100.0,0.1495249931524412,71.42857142857143,-0.5187611684071392,62.5,2.1882189738308595,0.1495249931524412,-0.5187611684071392,71.194267453328,True,False,True,False,True,False,False,False,False,False,True,False,True,False,False,False,89.59161439268198,True,False,True,False,True,False,71.194267453328,True,False,False,False,False,False
2019-06,13.0,21.0,6.0,10187.993286132812,287.44636154174805,,2.416190233228335,100.0,1.2949244257070978,100.0,0.8738697236793548,92.85714285714286,2.416190233228335,1.2949244257070978,0.8738697236793548,107.78017897907546,True,False,True,False,True,False,False,False,False,False,True,False,True,False,True,False,154.8636174944213,True,False,True,False,True,False,107.78017897907546,True,False,False,False,False,False
2019-07,11.0,19.0,8.0,10793.8056640625,255.28404235839844,,1.4827267319196749,90.47619047619048,2.2248595461287572,100.0,0.08365079480040735,78.57142857142857,1.4827267319196749,2.2248595461287572,0.08365079480040735,62.408135271262786,True,False,True,False,True,False,True,False,True,False,False,True,False,False,False,False,124.92912048915237,True,False,False,False,False,False,62.408135271262786,True,False,True,False,True,False
2019-08,8.0,16.0,4.0,10350.889404296877,199.30292510986328,,0.6203877914785446,76.19047619047619,-0.6232319625116044,50.0,-1.2445282538830336,61.53846153846154,0.6203877914785446,-0.6232319625116044,-1.2445282538830336,-9.114651602139713,False,False,False,True,False,False,False,False,False,False,False,True,False,False,False,False,46.39866257506444,True,False,False,False,False,False,-9.114651602139713,False,False,False,False,False,False
2019-09,7.0,12.0,3.0,9163.495361328123,183.08315658569336,,-0.4064609668307709,57.14285714285714,-1.148213000400873,37.5,-1.4920423841805575,53.84615384615385,-0.4064609668307709,-1.148213000400873,-1.4920423841805575,-36.30701895000234,False,True,False,True,False,False,False,False,False,False,False,True,False,True,False,False,-10.05593443214342,False,True,False,False,False,False,-36.30701895000234,False,True,False,True,False,True
2019-10,7.0,12.0,3.0,8742.009643554688,179.39549255371094,,-0.46432747064976654,57.14285714285714,-1.0373461122122112,37.5,-1.2360330811827902,53.84615384615385,-0.46432747064976654,-1.0373461122122112,-1.2360330811827902,-29.72710283948968,False,True,False,True,False,True,False,False,False,True,False,True,False,True,False,False,-19.009013913778126,False,True,False,False,False,False,-29.72710283948968,False,True,False,False,False,False
2019-11,7.0,12.0,3.0,8221.460205078125,165.92324447631836,,-0.4165661476373985,57.14285714285714,-0.8903891243680074,37.5,-1.1055415967853377,53.84615384615385,-0.4165661476373985,-0.8903891243680074,-1.1055415967853377,-16.748214114341163,False,True,False,True,False,True,False,False,False,False,False,True,False,True,False,False,-20.572427315615794,False,True,False,False,False,False,-16.748214114341163,False,True,False,False,False,False
2019-12,6.0,11.0,3.0,7262.174072265625,138.75955963134766,,-0.6241382808046553,52.38095238095239,-0.7637626158259897,37.5,-1.3540064007728738,46.15384615384615,-0.6241382808046553,-0.7637626158259897,-1.3540064007728738,-24.20954378378315,False,True,False,True,False,True,False,False,False,False,False,True,False,True,False,True,-20.74886507921937,False,True,False,True,False,True,-24.20954378378315,False,True,False,False,False,False
2020-01,8.0,13.0,4.0,8253.385864257812,155.63533401489258,,-0.17895052295316854,61.904761904761905,-0.10910894511799869,50.0,-0.2953249540404469,61.53846153846154,-0.17895052295316854,-0.10910894511799869,-0.2953249540404469,-13.244568300234505,False,True,True,False,False,False,False,False,False,False,True,False,False,False,False,False,-5.5893758897546775,False,False,False,False,False,False,-13.244568300234505,False,True,False,False,False,False
2020-02,8.0,14.0,6.0,9224.1064453125,216.7077865600586,,0.0,66.66666666666666,1.0324202016951516,75.0,-0.25289026942947646,61.53846153846154,0.0,1.0324202016951516,-0.25289026942947646,30.60724990282391,True,False,True,False,False,False,False,False,False,False,True,False,False,False,False,False,12.195476414458263,True,False,False,False,False,False,30.60724990282391,True,False,True,False,True,False
2020-03,9.0,19.0,5.0,7078.2698974609375,174.62726020812988,,1.2135870333746384,90.47619047619048,0.31914236925211903,62.5,0.21094639574317584,69.23076923076923,1.2135870333746384,0.31914236925211903,0.21094639574317584,25.848814072395786,True,False,False,True,False,False,False,False,False,False,False,True,False,False,False,False,-2.5323570183620525,False,False,True,False,True,False,25.848814072395786,True,False,False,False,False,False
2020-04,9.0,16.0,5.0,7684.7242431640625,174.6187515258789,0.8362715095281601,0.25057012616801994,76.19047619047619,0.26636334658609406,62.5,0.21094639574317584,69.23076923076923,0.25057012616801994,0.26636334658609406,0.21094639574317584,12.197369981015903,True,False,True,False,False,False,False,False,False,False,False,True,False,False,False,False,-6.890040408220843,False,False,False,True,False,True,12.197369981015903,True,False,False,True,False,True
2020-05,10.0,20.0,6.0,9126.226806640623,215.91025924682617,0.6288104951381683,1.2805501909890546,95.23809523809523,0.8259361613561207,75.0,0.7172177455267985,76.92307692307693,1.2805501909890546,0.8259361613561207,0.7172177455267985,-0.36801968489091896,False,False,True,False,False,False,False,False,False,False,True,False,False,False,False,False,-1.0611286768228645,False,False,True,False,True,False,-0.36801968489091896,False,False,False,False,False,False
2020-06,8.0,14.0,6.0,9444.17236328125,232.2174835205078,0.7525072544813156,-0.2663633465860973,70.0,0.8259361613561207,75.0,-0.1187542171991081,72.72727272727273,-0.2663633465860973,0.8259361613561207,-0.1187542171991081,32.97894225892275,True,False,True,False,True,False,False,False,False,False,True,False,False,False,False,False,33.42486935499578,True,False,False,True,False,True,32.97894225892275,True,False,False,False,False,False
2020-07,11.0,14.0,8.0,10215.5830078125,286.2112731933594,1.2849497497081757,-0.14655259544014285,70.0,2.064840403390302,100.0,2.0188216923848454,100.0,-0.14655259544014285,2.064840403390302,2.0188216923848454,63.906379293372865,True,False,True,False,True,False,False,False,False,False,True,False,True,False,False,False,32.93363150798494,True,False,False,False,False,False,63.906379293372865,True,False,True,False,True,False
2020-08,12.0,16.0,11.0,11593.715576171877,392.2608871459961,3.149929702281952,0.5568998626725438,80.0,2.3791817577847993,100.0,1.9621416870352386,100.0,0.5568998626725438,2.3791817577847993,1.9621416870352386,81.67774357473579,True,False,True,False,True,False,False,False,True,False,True,False,True,False,False,False,27.03733779370687,True,False,True,False,True,False,81.67774357473579,True,False,True,False,True,False
2020-09,10.0,13.0,8.0,11111.845458984377,399.6996383666992,3.703833103179931,-0.5396077006383981,65.0,0.9623496446136336,72.72727272727273,0.7083959468534846,83.33333333333334,-0.5396077006383981,0.9623496446136336,0.7083959468534846,72.12297382053086,True,False,False,True,False,False,False,False,False,False,True,False,True,False,False,False,17.658223839571228,True,False,False,True,False,True,72.12297382053086,True,False,False,False,False,False
2020-10,9.0,14.0,6.0,12255.288330078123,375.3966751098633,2.191727191209793,-0.2492927850046458,70.0,0.03663493014041895,54.54545454545454,0.04970713872887941,75.0,-0.2492927850046458,0.03663493014041895,0.04970713872887941,31.16068801952878,True,False,True,False,False,False,False,False,False,True,False,True,False,False,False,False,19.966607101187783,True,False,False,False,False,False,31.16068801952878,True,False,False,True,False,True
2020-11,12.0,24.0,12.0,16599.813720703125,498.47975158691406,1.8220717310905457,2.2821773229382436,100.0,1.994342280037093,100.0,1.5021352323979056,100.0,2.2821773229382436,1.994342280037093,1.5021352323979056,27.078627495528053,True,False,True,False,False,False,False,False,False,False,True,False,False,False,False,False,43.17941139439449,True,False,True,False,True,False,27.078627495528053,True,False,True,False,True,False
2020-12,16.0,31.0,15.0,23874.97509765625,660.0438385009766,1.6976724565029144,2.507878741548929,100.0,2.196010876137907,100.0,2.504651166812033,100.0,2.507878741548929,2.196010876137907,2.504651166812033,65.13496014110174,True,False,True,False,True,False,False,False,False,False,True,False,False,False,False,False,114.8605754623087,True,False,True,False,True,False,65.13496014110174,True,False,True,False,True,False
2021-01,34.0,65.0,48.0,33194.4658203125,1059.6472473144531,3.015741795301438,2.9617863157975233,100.0,3.0645975913386803,100.0,3.0187323660833862,100.0,2.9617863157975233,3.0645975913386803,3.0187323660833862,182.27400975363932,True,False,True,False,True,False,False,False,False,False,True,False,True,False,False,False,170.8583015451657,True,False,True,False,True,False,182.27400975363932,True,False,True,False,True,False
2021-02,49.0,68.0,52.0,42241.78662109375,1510.3871154785156,9.903843641281128,2.140974048398551,100.0,2.221623239623809,100.0,2.634449984870662,100.0,2.140974048398551,2.221623239623809,2.634449984870662,202.99868964991794,True,False,True,False,True,False,False,False,True,False,True,False,True,False,False,False,154.47144969109024,True,False,True,False,True,False,202.99868964991794,True,False,True,False,True,False
2021-03,32.0,47.0,35.0,52719.3232421875,1674.9417724609375,16.3360915184021,0.9129416602905629,69.11764705882352,1.0101719517153434,67.3076923076923,1.0830294134952976,65.3061224489796,0.9129416602905629,1.0101719517153434,1.0830294134952976,153.76220104787168,True,False,True,False,True,False,True,False,False,True,True,False,True,False,False,False,120.81414965481088,True,False,False,False,False,False,153.76220104787168,True,False,False,True,False,True
2021-04,55.0,51.0,50.0,57174.830078125,2350.6287841796875,32.34359169006348,0.9409256418251328,75.0,1.5074417805027547,96.15384615384616,2.0055925392989886,100.0,0.9409256418251328,1.5074417805027547,2.0055925392989886,121.83125470641949,True,False,True,False,True,False,True,False,False,False,True,False,True,False,True,False,72.2420550088754,True,False,False,False,False,False,121.83125470641949,True,False,True,False,True,False
2021-05,89.0,66.0,100.0,46312.0927734375,2896.9007568359375,38.28808689117432,1.3562943710753737,97.05882352941177,2.4522456101343537,100.0,2.4194978247832886,100.0,1.3562943710753737,2.4522456101343537,2.4194978247832886,91.79856125283163,True,False,False,True,False,False,False,False,True,False,True,False,True,False,True,False,9.635733897465437,False,False,False,False,False,False,91.79856125283163,True,False,True,False,True,False
2021-06,40.0,50.0,42.0,35630.8798828125,2395.2409057617188,33.202073097229004,0.5346812523382108,73.52941176470588,0.347284298376654,42.0,0.37688093329279126,44.9438202247191,0.5346812523382108,0.347284298376654,0.37688093329279126,43.00442828185418,True,False,False,True,False,False,False,False,False,False,False,True,False,False,False,False,-32.414003648856294,False,True,False,False,False,False,43.00442828185418,True,False,False,False,False,False
2021-07,26.0,33.0,31.0,37064.67041015625,2270.954833984375,33.130552768707275,-0.3298232652205403,48.529411764705884,-0.11713310928828166,31.0,-0.2519157368278895,29.213483146067414,-0.3298232652205403,-0.11713310928828166,-0.2519157368278895,-3.3894739455050393,False,False,True,False,False,False,False,False,False,True,False,True,False,False,False,False,-35.17309914255935,False,True,False,False,False,False,-3.3894739455050393,False,False,False,False,False,False
2021-08,31.0,32.0,41.0,44141.9033203125,2970.1353149414062,76.89504432678223,-0.469473224190677,47.05882352941176,0.1662350219737766,41.0,-0.11239693455007446,34.831460674157306,-0.469473224190677,0.1662350219737766,-0.11239693455007446,2.5280313083785977,False,False,True,False,False,False,False,False,True,False,True,False,False,False,False,False,-4.686010333719404,False,False,False,False,False,False,2.5280313083785977,False,False,False,False,False,False
2021-09,30.0,30.0,35.0,45883.0107421875,3282.8295288085938,142.43538284301758,-0.7053442936806134,44.11764705882353,-0.15995885928237283,35.0,-0.24067357834615294,33.70786516853933,-0.7053442936806134,-0.15995885928237283,-0.24067357834615294,37.05634038362457,True,False,True,False,True,False,False,False,False,True,True,False,False,False,False,False,28.773162192720324,True,False,False,False,False,False,37.05634038362457,True,False,False,False,False,False
2021-10,44.0,38.0,39.0,53846.5283203125,3680.898315429687,175.08684921264648,-0.4235973370663729,55.88235294117647,-0.12012647238748568,39.0,0.2877795529083063,49.43820224719101,-0.4235973370663729,-0.12012647238748568,0.2877795529083063,62.08593232880708,True,False,True,False,True,False,False,False,False,False,True,False,True,False,False,False,45.27723496377774,True,False,False,False,False,False,62.08593232880708,True,False,False,False,False,False
2021-11,60.0,34.0,44.0,60171.31640625,4436.226867675781,213.43368911743164,-0.7832746130492889,50.0,-0.01655294234762136,44.0,0.9215052867016553,67.41573033707866,-0.7832746130492889,-0.01655294234762136,0.9215052867016553,49.361103023122624,True,False,True,False,True,False,False,False,True,False,True,False,True,False,False,False,36.313370924722555,True,False,False,True,False,True,49.361103023122624,True,False,False,False,False,False
2021-12,37.0,35.0,39.0,51282.677734375,4153.134765625,192.59392929077148,-0.7539536187664175,51.470588235294116,-0.40645813679598786,39.0,-0.3919838592812796,41.57303370786517,-0.7539536187664175,-0.40645813679598786,-0.3919838592812796,26.510826382515763,True,False,False,True,False,False,False,False,False,True,False,True,False,False,False,False,11.768336263999203,True,False,False,False,False,False,26.510826382515763,True,False,False,False,False,False
2022-01,40.0,43.0,45.0,41465.083984375,3105.1030883789062,132.67702102661133,-0.07101276477138335,63.23529411764706,-0.06005963046624263,45.0,-0.25350596114392365,44.9438202247191,-0.07101276477138335,-0.06005963046624263,-0.25350596114392365,-15.642790908869909,False,True,False,True,False,False,False,False,True,False,False,True,False,False,False,False,-22.993950997704072,False,True,True,False,True,False,-15.642790908869909,False,True,False,False,False,False
2022-02,34.0,36.0,34.0,40448.84765625,2796.832763671875,99.41497421264648,-0.4964310750076841,54.54545454545454,-0.5799696913043682,34.0,-0.520809897089198,38.20224719101123,-0.4964310750076841,-0.5799696913043682,-0.520809897089198,-36.9546948996054,False,True,False,True,False,True,False,False,False,False,False,True,False,True,False,False,-32.777193400328244,False,True,False,False,False,False,-36.9546948996054,False,True,False,False,False,False
2022-03,24.0,30.0,28.0,43520.0546875,3031.7996826171875,107.28410720825195,-0.9046510958363514,45.45454545454545,-0.8561259181421457,28.000000000000004,-1.016293866750146,26.96629213483146,-0.9046510958363514,-0.8561259181421457,-1.016293866750146,-26.9997278270132,False,True,True,False,False,False,False,False,False,False,True,False,False,False,False,False,-15.136930031388907,False,True,False,False,False,False,-26.9997278270132,False,True,False,False,False,False
2022-04,23.0,24.0,23.0,42070.1142578125,3078.5323486328125,108.44039916992188,-1.2194096638798424,36.36363636363637,-0.9611364205310842,23.0,-0.907632485441603,25.842696629213485,-1.2194096638798424,-0.9611364205310842,-0.907632485441603,-0.8557120002081975,False,False,False,True,False,False,False,False,False,True,True,False,False,False,False,False,1.459131913649303,False,False,False,True,False,True,-0.8557120002081975,False,False,False,False,False,False
2022-05,27.0,36.0,26.0,33939.75390625,2337.568420410156,65.98636054992676,0.13806202089317043,72.0,-1.3142135442433749,57.77777777777777,-0.7307866941619631,45.0,0.13806202089317043,-1.3142135442433749,-0.7307866941619631,-16.420872539363607,False,True,False,True,False,False,False,False,False,False,False,True,False,False,False,False,-16.092161154544637,False,True,False,False,False,False,-16.420872539363607,False,True,False,True,False,True
2022-06,19.0,42.0,31.0,25310.79736328125,1467.656280517578,37.8401312828064,1.4403429364000202,97.67441860465115,-0.5163589861366831,68.88888888888889,-1.237602027383542,31.666666666666664,1.4403429364000202,-0.5163589861366831,-1.237602027383542,-51.591251594477704,False,True,False,True,False,True,False,False,True,False,False,True,False,False,False,False,-41.841071788563,False,True,True,False,True,False,-51.591251594477704,False,True,True,False,True,False
2022-07,15.0,30.0,25.0,21674.224609375,1385.90771484375,38.76982593536377,-0.770516727679447,69.76744186046511,-1.2096613422296296,55.55555555555556,-1.386364762657743,25.0,-0.770516727679447,-1.2096613422296296,-1.386364762657743,-54.981544518795246,False,True,False,True,False,True,False,False,False,False,False,True,False,True,False,False,-48.480708950415895,False,True,False,False,False,False,-54.981544518795246,False,True,False,True,False,True
2022-08,14.0,22.0,25.0,22030.71435546875,1671.41259765625,38.04448890686035,-1.7589534601401902,51.162790697674424,-1.0208623267630932,55.55555555555556,-1.2445900281781652,23.333333333333332,-1.7589534601401902,-1.0208623267630932,-1.2445900281781652,-28.4978106710143,False,True,True,False,False,False,False,False,False,False,True,False,False,False,False,False,-35.08876223344743,False,True,False,True,False,True,-28.4978106710143,False,True,False,False,False,False
2022-09,13.0,21.0,27.0,20111.60546875,1473.9148864746094,33.43824481964111,-1.5803991124930883,48.837209302325576,-0.661195498456764,60.0,-1.1334937511153167,21.666666666666668,-1.5803991124930883,-0.661195498456764,-1.1334937511153167,0.4264354018111316,False,False,False,True,False,False,False,False,False,False,False,True,False,False,False,False,-20.54139907134571,False,True,False,True,False,True,0.4264354018111316,False,False,True,False,True,False
2022-10,11.0,17.0,15.0,19808.77392578125,1440.6421508789062,31.817604064941406,-1.6559104350595333,39.53488372093023,-1.7037711704927332,33.33333333333333,-1.0762894000228345,18.333333333333332,-1.6559104350595333,-1.7037711704927332,-1.0762894000228345,3.949356472218435,False,False,False,True,False,False,False,False,False,False,False,True,False,False,False,False,-8.6067701023402,False,False,False,True,False,True,3.949356472218435,False,False,False,True,False,True
2022-11,16.0,25.0,18.0,18677.349609375,1402.7017211914062,24.070831775665283,-0.6017736345480277,58.139534883720934,-1.1936793817107045,40.0,-0.6824070944155807,40.0,-0.6017736345480277,-1.1936793817107045,-0.6824070944155807,-16.076872750728665,False,True,False,True,False,True,False,False,False,False,False,True,False,True,False,False,-15.22131644025122,False,True,False,False,False,False,-16.076872750728665,False,True,False,False,False,False
2022-12,12.0,19.0,12.0,17108.04150390625,1249.7731018066406,11.780856370925903,-1.1012460324591207,44.18604651162791,-1.5676521408972357,26.666666666666668,-0.9391952841299411,30.0,-1.1012460324591207,-1.5676521408972357,-0.9391952841299411,-15.20724071144185,False,True,False,True,False,True,False,False,False,False,False,True,False,True,False,False,-14.934481334723749,False,True,False,False,False,False,-15.20724071144185,False,True,False,True,False,True
2023-01,11.0,21.0,16.0,20032.08056640625,1412.5784301757812,17.571849822998047,-0.753121784686005,50.0,-1.0869846963677106,47.05882352941176,-0.9930998614212064,32.35294117647059,-0.753121784686005,-1.0869846963677106,-0.9930998614212064,-1.9480008054744147,False,False,True,False,False,False,False,False,False,False,True,False,False,False,False,False,1.127311773367068,False,False,False,False,False,False,-1.9480008054744147,False,False,False,False,False,False
2023-02,11.0,20.0,14.0,23219.8486328125,1598.8020935058594,23.158456802368164,-0.7419504861975516,47.61904761904761,-1.2112891404387502,45.16129032258064,-0.9500337375925865,40.74074074074074,-0.7419504861975516,-1.2112891404387502,-0.9500337375925865,13.980190467570841,True,False,True,False,False,False,False,False,False,False,True,False,False,False,False,False,24.32089733522691,True,False,False,False,False,False,13.980190467570841,True,False,False,False,False,False
2023-03,11.0,22.0,14.0,25104.392578125,1665.1189880371094,20.757792949676514,-0.3913741650877935,52.38095238095239,-1.0242543948955087,45.16129032258064,-0.8107783024653441,40.74074074074074,-0.3913741650877935,-1.0242543948955087,-0.8107783024653441,33.233703432251424,True,False,True,False,True,False,False,False,False,False,True,False,True,False,False,False,46.74030672881497,True,False,True,False,True,False,33.233703432251424,True,False,False,False,False,False
2023-04,11.0,21.0,15.0,28954.64892578125,1900.3981628417969,22.472349643707275,-0.48656807137597163,50.0,-0.7460687179404422,48.38709677419355,-0.6841243916737731,40.74074074074074,-0.48656807137597163,-0.7460687179404422,-0.6841243916737731,34.53399275007416,True,False,True,False,True,False,False,False,False,False,True,False,True,False,False,False,44.54139613604653,True,False,False,False,False,False,34.53399275007416,True,False,True,False,True,False
2023-05,9.0,18.0,11.0,28036.32958984375,1875.7462158203125,21.441893100738525,-0.7560771167893883,42.857142857142854,-1.1445121085588905,35.483870967741936,-1.3392080722837312,47.368421052631575,-0.7560771167893883,-1.1445121085588905,-1.3392080722837312,17.321976462212962,True,False,False,True,False,False,False,False,False,False,False,True,False,False,False,False,20.74294726549151,True,False,False,False,False,False,17.321976462212962,True,False,False,False,False,False
2023-06,9.0,19.0,11.0,28470.5927734375,1844.1290588378904,18.846563577651978,-0.6489048502869267,63.33333333333333,-1.0445695482472934,40.74074074074074,-1.3298017534251634,56.25,-0.6489048502869267,-1.0445695482472934,-1.3298017534251634,10.750587320597639,True,False,True,False,False,False,False,False,False,False,False,True,False,False,False,False,13.408809573212599,True,False,False,False,False,False,10.750587320597639,True,False,False,False,False,False
2023-07,9.0,18.0,11.0,30112.6923828125,1911.9291381835935,22.655128955841064,-1.0131622258318493,72.0,-0.9002267288107577,40.74074074074074,-1.1460001298248912,56.25,-1.0131622258318493,-0.9002267288107577,-1.1460001298248912,0.6067662854690292,False,False,True,False,False,False,False,False,False,False,True,False,False,False,False,False,3.9995078510522974,False,False,False,False,False,False,0.6067662854690292,False,False,False,False,False,False
2023-08,9.0,18.0,9.0,27687.0634765625,1732.7635192871094,22.062716960906982,-0.8578094933958543,72.0,-1.1479402484925465,33.33333333333333,-0.978019293843837,56.25,-0.8578094933958543,-1.1479402484925465,-0.978019293843837,-7.622710115433873,False,False,False,True,False,False,False,False,False,False,False,True,False,False,False,False,-1.2457626172570513,False,False,False,False,False,False,-7.622710115433873,False,False,False,False,False,False
2023-09,8.0,15.0,8.0,26330.24951171875,1635.675262451172,20.08033800125122,-1.6923950378189343,60.0,-1.622071177013917,44.44444444444444,-1.2250346215369592,50.0,-1.6923950378189343,-1.622071177013917,-1.2250346215369592,-11.30364468732351,False,True,False,True,False,False,False,False,False,True,False,True,False,False,False,False,-7.517733398637372,False,False,False,True,False,True,-11.30364468732351,False,True,False,True,False,True
2023-10,8.0,19.0,10.0,30835.98291015625,1718.988311767578,29.881744861602783,-0.23305101824709148,76.0,-0.8058948082787835,55.55555555555556,-1.0466749520672167,50.0,-0.23305101824709148,-0.8058948082787835,-1.0466749520672167,-10.091421411115519,False,True,True,False,False,False,False,False,False,False,True,False,False,False,False,False,2.401945724908283,False,False,False,False,False,False,-10.091421411115519,False,True,False,False,False,False
2023-11,9.0,21.0,13.0,36229.7001953125,1945.6887817382812,50.92697048187256,0.9148532788043954,95.45454545454545,0.40824829046387534,81.25,-0.5527707983928143,75.0,0.9148532788043954,0.40824829046387534,-0.5527707983928143,12.28818936231837,True,False,True,False,False,False,False,False,False,False,True,False,False,False,False,False,30.854253380758358,True,False,False,False,False,False,12.28818936231837,True,False,False,False,False,False
2023-12,10.0,24.0,15.0,40579.517578125,2206.285614013672,86.17902565002441,1.845199692380734,100.0,1.0584754935143426,93.75,0.35780730954475637,90.9090909090909,1.845199692380734,1.0584754935143426,0.35780730954475637,34.88530790075046,True,False,True,False,True,False,False,False,False,False,True,False,True,False,False,False,54.11748210006273,True,False,True,False,True,False,34.88530790075046,True,False,False,False,False,False
2024-01,11.0,28.0,15.0,43088.5263671875,2347.440490722656,98.62267684936523,2.3059497883864224,100.0,1.1423695593724044,100.0,1.216544852452173,100.0,2.3059497883864224,1.1423695593724044,1.216544852452173,36.55942129756902,True,False,True,False,True,False,False,False,False,False,True,False,True,False,False,False,39.73456430018876,True,False,True,False,True,False,36.55942129756902,True,False,False,False,False,False
2024-02,9.0,26.0,18.0,52390.1171875,2846.6589965820312,112.620698928833,1.4019840074738101,92.85714285714286,1.8521372441409851,100.0,-0.38451197948282534,81.81818181818183,1.4019840074738101,1.8521372441409851,-0.38451197948282534,46.30597777506955,True,False,True,False,True,False,False,False,False,False,True,False,True,False,False,False,44.60543947387778,True,False,False,True,False,True,46.30597777506955,True,False,True,False,True,False
2024-03,13.0,43.0,26.0,66393.9228515625,3535.4403076171875,161.9364128112793,2.750613679480991,100.0,2.546733016357206,100.0,2.367136103678407,100.0,2.750613679480991,2.546733016357206,2.367136103678407,60.243999469566376,True,False,True,False,True,False,True,False,True,False,True,False,True,False,True,False,63.61437201351341,True,False,True,False,True,False,60.243999469566376,True,False,True,False,True,False
2024-04,9.0,31.0,15.0,65951.44140625,3312.5291137695312,163.46256256103516,0.9803992498626021,72.09302325581395,0.3056079619628647,57.692307692307686,-0.3021613158950909,69.23076923076923,0.9803992498626021,0.3056079619628647,-0.3021613158950909,41.11237864648805,True,False,False,True,False,False,False,False,False,False,False,True,False,False,False,False,53.06033175567806,True,False,False,False,False,False,41.11237864648805,True,False,False,False,False,False
2024-05,8.0,22.0,16.0,64150.666015625,3390.1304931640625,150.11972618103027,-0.21770955228345787,51.162790697674424,0.4261338623884111,61.53846153846154,-0.9288407280260247,61.53846153846154,-0.21770955228345787,0.4261338623884111,-0.9288407280260247,19.091556004234246,True,False,False,True,False,False,False,False,False,False,True,False,False,False,False,False,22.448029245735302,True,False,False,False,False,False,19.091556004234246,True,False,False,False,False,False
2024-06,8.0,19.0,13.0,65169.36328125,3581.1251831054688,152.81871604919434,-0.6095867463936817,44.18604651162791,-0.2250398000952147,50.0,-0.8418805655189319,61.53846153846154,-0.6095867463936817,-0.2250398000952147,-0.8418805655189319,1.2921976193418505,False,False,True,False,False,False,False,False,False,False,True,False,False,False,False,False,-1.8443850245906668,False,False,False,False,False,False,1.2921976193418505,False,False,False,False,False,False
2024-07,9.0,22.0,14.0,62749.4423828125,3262.4982299804688,158.6205062866211,-0.2676961669225322,51.162790697674424,-0.0706785587992065,53.84615384615385,-0.16837611310378636,69.23076923076923,-0.2676961669225322,-0.0706785587992065,-0.16837611310378636,-1.5103530284788724,False,False,False,True,False,False,False,False,False,False,False,True,False,False,False,False,-4.8550857345387115,False,False,False,False,False,False,-1.5103530284788724,False,False,False,False,False,False
2024-08,8.0,23.0,14.0,59577.5546875,2777.2415161132812,147.62482070922852,-0.1956173967732985,53.48837209302325,-0.16994061698786905,53.84615384615385,-0.7637626158262477,61.53846153846154,-0.1956173967732985,-0.16994061698786905,-0.7637626158262477,-18.078624946344245,False,True,False,True,False,False,False,False,False,False,False,True,False,False,False,False,-7.128704364520766,False,False,False,False,False,False,-18.078624946344245,False,True,False,False,False,False
2024-09,8.0,19.0,10.0,60344.673828125,2498.8544921875,142.66779136657715,-0.8393327223969036,44.18604651162791,-1.1801716738206638,38.46153846153847,-0.7637626158262477,61.53846153846154,-0.8393327223969036,-1.1801716738206638,-0.7637626158262477,-30.22152635221338,False,True,True,False,False,False,False,False,False,False,False,True,False,True,False,False,-7.403309178122841,False,False,False,True,False,True,-30.22152635221338,False,True,False,False,False,False
2024-10,7.0,19.0,8.0,66505.802734375,2548.910217285156,159.4102668762207,-0.8393327223969036,44.18604651162791,-1.5294655528908214,30.76923076923077,-1.2849345027175014,53.84615384615385,-0.8393327223969036,-1.5294655528908214,-1.2849345027175014,-21.872441374461214,False,True,True,False,False,False,False,False,False,True,True,False,False,False,False,False,5.986284832056765,False,False,False,False,False,False,-21.872441374461214,False,True,False,True,False,True
2024-11,13.0,48.0,22.0,83281.275390625,3080.2721557617188,206.2927589416504,2.222592750281725,100.0,1.3447549065740172,84.61538461538461,1.8141390033914162,100.0,2.222592750281725,1.3447549065740172,1.8141390033914162,10.911209482152827,True,False,True,False,True,False,False,False,False,False,True,False,False,False,False,False,39.78632696064361,True,False,True,False,True,False,10.911209482152827,True,False,True,False,True,False
2024-12,14.0,41.0,23.0,97369.029296875,3561.0776977539062,212.3330345153809,1.2334032972315103,85.41666666666666,1.2920779817854764,88.46153846153845,1.7865517256083077,100.0,1.2334032972315103,1.2920779817854764,1.7865517256083077,42.50840570698997,True,False,True,False,True,False,False,False,True,False,True,False,True,False,False,False,61.3548025368462,True,False,False,False,False,False,42.50840570698997,True,False,False,False,False,False
2025-01,13.0,33.0,17.0,98551.27734375,3323.801513671875,221.4671936035156,0.40510798524557573,68.75,0.1262617479108678,65.38461538461539,1.21434660668188,92.85714285714286,0.40510798524557573,0.1262617479108678,1.21434660668188,30.40088627413702,True,False,True,False,True,False,False,False,False,False,False,True,False,False,False,False,48.18447908577996,True,False,False,False,False,False,30.40088627413702,True,False,False,False,False,False
2025-02,15.0,27.0,16.0,91945.111328125,2735.63818359375,184.8191680908203,-0.18673117424524685,56.25,-0.031720975249269305,61.53846153846154,1.5769973929211165,100.0,-0.18673117424524685,-0.031720975249269305,1.5769973929211165,-11.188426046163592,False,True,False,True,False,False,False,False,False,False,False,True,False,False,False,False,10.40310189398863,True,False,False,False,False,False,-11.188426046163592,False,True,False,False,False,False
2025-03,12.0,29.0,14.0,84647.6171875,2092.793914794922,141.13704872131348,0.1349158142671564,60.416666666666664,-0.27383587771568546,60.86956521739131,0.5870362244547812,80.0,0.1349158142671564,-0.27383587771568546,0.5870362244547812,-41.23144473610001,False,True,False,True,False,False,False,False,False,False,False,True,False,True,False,False,-13.065152442454597,False,True,False,False,False,False,-41.23144473610001,False,True,False,False,False,False
